---
layout: post
title: '[MySQL] 02) 그룹핑, 정렬'
category: SQL
tags: [sql, sqld, 생활코딩]
comments: true
---


# 그룹핑, 정렬

## 그룹핑

```sql
SELECT * FROM 테이블명 GROUPBY 그룹핑 할 기준 칼럼명
```


```sql
DROP TABLE IF EXISTS `student`;
CREATE TABLE `student` (
  `id` tinyint(4) NOT NULL,
  `name` char(4) NOT NULL,
  `sex` enum('남자', '여자') NOT NULL,
  `address` varchar(50) NOT NULL,
  `distance` INT NOT NULL,
  `birthday` datetime NOT NULL,
  PRIMARY KEY(`id`)
) ENGINE=InnoDB DEFAULT CHARSET=utf8;

INSERT INTO `student` VALUES (2, '박재숙', '남자', '서울', 10, '1985-12-2');
INSERT INTO `student` VALUES (1, '이숙경', '여자', '청주', 200, '1949-12-1');
INSERT INTO `student` VALUES (3, '백태호', '남자', '경주', 359, '2001-2-3');
INSERT INTO `student` VALUES (4, '김경훈', '남자', '청주', 400, '1993-2-6');
INSERT INTO `student` VALUES (8, '김정인', '남자', '대전', 200, '1990-4-19');
INSERT INTO `student` VALUES (6, '김경진', '여자', '제주', 400, '1985-10-29');
INSERT INTO `student` VALUES (7, '박경후', '남자', '영동', 310, '1971-6-25');

-- +----+-----------+--------+---------+----------+---------------------+
-- | id | name      | sex    | address | distance | birthday            |
-- +----+-----------+--------+---------+----------+---------------------+
-- |  1 | 이숙경    | 여자   | 청주    |      200 | 1949-12-01 00:00:00 |
-- |  2 | 박재숙    | 남자   | 서울    |       10 | 1985-12-02 00:00:00 |
-- |  3 | 백태호    | 남자   | 경주    |      359 | 2001-02-03 00:00:00 |
-- |  4 | 김경훈    | 남자   | 청주    |      400 | 1993-02-06 00:00:00 |
-- |  6 | 김경진    | 여자   | 제주    |      400 | 1985-10-29 00:00:00 |
-- |  7 | 박경후    | 남자   | 영동    |      310 | 1971-06-25 00:00:00 |
-- |  8 | 김정인    | 남자   | 대전    |      200 | 1990-04-19 00:00:00 |
-- +----+-----------+--------+---------+----------+---------------------+


-- sex를 기준으로 groupby
SELECT sex FROM student GROUP BY sex;

SELECT sex, sum(distance), avg(distance) FROM student GROUP BY sex;

-- +--------+---------------+---------------+
-- | sex    | sum(distance) | avg(distance) |
-- +--------+---------------+---------------+
-- | 남자   |          1279 |      255.8000 |
-- | 여자   |           600 |      300.0000 |
-- +--------+---------------+---------------+
-- 2 rows in set (0.00 sec)

```

## 정렬 (ORDER)

```sql
SELECT * FROM 테이블명 ORDER BY 정렬의 기준으로 사용할 열 [DESC|ASC]
```

```sql
-- distance 기준으로 작은 것부터 큰순으로 정렬 (오름차순)
SELECT * FROM student ORDER BY distance ASC;

-- distance 기준으로 내림차순 정렬하고, 같은 것이있으면 address 기준으로 오름차순 정렬
SELECT * FROM student ORDER BY distance DESC, address ASC;

-- +----+-----------+--------+---------+----------+---------------------+
-- | id | name      | sex    | address | distance | birthday            |
-- +----+-----------+--------+---------+----------+---------------------+
-- |  6 | 김경진    | 여자   | 제주    |      400 | 1985-10-29 00:00:00 |
-- |  4 | 김경훈    | 남자   | 청주    |      400 | 1993-02-06 00:00:00 |
-- |  3 | 백태호    | 남자   | 경주    |      359 | 2001-02-03 00:00:00 |
-- |  7 | 박경후    | 남자   | 영동    |      310 | 1971-06-25 00:00:00 |
-- |  8 | 김정인    | 남자   | 대전    |      200 | 1990-04-19 00:00:00 |
-- |  1 | 이숙경    | 여자   | 청주    |      200 | 1949-12-01 00:00:00 |
-- |  2 | 박재숙    | 남자   | 서울    |       10 | 1985-12-02 00:00:00 |
-- +----+-----------+--------+---------+----------+---------------------+
-- 7 rows in set (0.00 sec)

```
